Runtime,Architecture,Image,Platform,Iteration,Start Timestamp,Pull Complete Timestamp,Execution Complete Timestamp,Pull Time (s),Container Start to Main Time (s),Main to Elapsed Time (s),Total Execution Time (s),Host Size (MB),WASM_Runtime
docker,AMD64,docker.io/matsbror/massive-sqlite-native:1.1,linux/amd64,1,1754381924,1754381926,1754381927,2.039,0.719,0.199,0.567,3.41,
docker,AMD64,docker.io/matsbror/massive-sqlite-native:1.1,linux/amd64,2,1754381927,1754381929,1754381930,2.008,0.948,0.198,0.593,3.41,
docker,AMD64,docker.io/matsbror/massive-sqlite-native:1.1,linux/amd64,3,1754381930,1754381932,1754381933,1.999,1.175,0.199,0.604,3.41,
docker,AMD64,docker.io/matsbror/massive-sqlite-native:1.1,linux/amd64,4,1754381934,1754381936,1754381936,2.072,0.456,0.197,0.588,3.41,
docker,AMD64,docker.io/matsbror/massive-sqlite-native:1.1,linux/amd64,5,1754381937,1754381939,1754381940,2.092,0.776,0.198,0.601,3.41,
docker,AMD64,docker.io/matsbror/massive-sqlite-native:1.1,linux/amd64,6,1754381940,1754381942,1754381943,2.021,1.007,0.199,0.587,3.41,
docker,AMD64,docker.io/matsbror/massive-sqlite-native:1.1,linux/amd64,7,1754381943,1754381945,1754381946,2.002,1.203,0.197,0.563,3.41,
docker,AMD64,docker.io/matsbror/massive-sqlite-native:1.1,linux/amd64,8,1754381947,1754381949,1754381949,2.206,0.632,0.199,0.612,3.41,
docker,AMD64,docker.io/matsbror/massive-sqlite-native:1.1,linux/amd64,9,1754381950,1754381952,1754381953,2.048,0.933,0.198,0.624,3.41,
docker,AMD64,docker.io/matsbror/massive-sqlite-native:1.1,linux/amd64,10,1754381953,1754381960,1754381961,7.099,1.283,0.196,0.616,3.41,
containerd,AMD64,docker.io/matsbror/massive-sqlite-native:1.1,linux/amd64,1,1754381962,1754381964,1754381964,1.882,0.261,0.198,0.39,0.0,
containerd,AMD64,docker.io/matsbror/massive-sqlite-native:1.1,linux/amd64,2,1754381965,1754381967,1754381967,1.879,0.226,0.198,0.39,0.0,
containerd,AMD64,docker.io/matsbror/massive-sqlite-native:1.1,linux/amd64,3,1754381968,1754381970,1754381970,1.879,0.195,0.197,0.4,0.0,
containerd,AMD64,docker.io/matsbror/massive-sqlite-native:1.1,linux/amd64,4,1754381971,1754381973,1754381973,1.882,0.174,0.195,0.391,0.0,
containerd,AMD64,docker.io/matsbror/massive-sqlite-native:1.1,linux/amd64,5,1754381974,1754381975,1754381976,1.779,1.043,0.195,0.395,0.0,
containerd,AMD64,docker.io/matsbror/massive-sqlite-native:1.1,linux/amd64,6,1754381977,1754381978,1754381979,1.777,0.927,0.2,0.353,0.0,
containerd,AMD64,docker.io/matsbror/massive-sqlite-native:1.1,linux/amd64,7,1754381979,1754381981,1754381982,1.778,0.759,0.198,0.392,0.0,
containerd,AMD64,docker.io/matsbror/massive-sqlite-native:1.1,linux/amd64,8,1754381982,1754381985,1754381985,2.379,0.224,0.197,0.355,0.0,
containerd,AMD64,docker.io/matsbror/massive-sqlite-native:1.1,linux/amd64,9,1754381986,1754381987,1754381988,1.777,1.058,0.196,0.399,0.0,
containerd,AMD64,docker.io/matsbror/massive-sqlite-native:1.1,linux/amd64,10,1754381989,1754381990,1754381991,1.777,0.938,0.197,0.403,0.0,
docker,AMD64,docker.io/matsbror/massive-sqlite-wasm:1.1,wasm,1,1754381991,1754381994,1754381996,2.887,1.809,0.368,1.527,1.64,
docker,AMD64,docker.io/matsbror/massive-sqlite-wasm:1.1,wasm,2,1754381996,1754381998,1754382000,1.622,1.599,0.361,1.531,1.64,
docker,AMD64,docker.io/matsbror/massive-sqlite-wasm:1.1,wasm,3,1754382000,1754382002,1754382003,1.704,1.486,0.358,1.548,1.64,
docker,AMD64,docker.io/matsbror/massive-sqlite-wasm:1.1,wasm,4,1754382004,1754382006,1754382007,1.714,1.345,0.358,1.517,1.64,
docker,AMD64,docker.io/matsbror/massive-sqlite-wasm:1.1,wasm,5,1754382008,1754382010,1754382011,1.645,1.146,0.357,1.548,1.64,
docker,AMD64,docker.io/matsbror/massive-sqlite-wasm:1.1,wasm,6,1754382012,1754382013,1754382015,1.682,1.993,0.361,1.528,1.64,
docker,AMD64,docker.io/matsbror/massive-sqlite-wasm:1.1,wasm,7,1754382016,1754382017,1754382019,1.667,1.811,0.361,1.518,1.64,
docker,AMD64,docker.io/matsbror/massive-sqlite-wasm:1.1,wasm,8,1754382019,1754382021,1754382023,1.726,1.67,0.36,1.511,1.64,
docker,AMD64,docker.io/matsbror/massive-sqlite-wasm:1.1,wasm,9,1754382023,1754382025,1754382027,1.728,1.532,0.358,1.502,1.64,
docker,AMD64,docker.io/matsbror/massive-sqlite-wasm:1.1,wasm,10,1754382027,1754382029,1754382030,1.679,1.359,0.358,1.524,1.64,
containerd,AMD64,docker.io/matsbror/massive-sqlite-wasm:1.1,wasm,1,1754382031,1754382033,1754382034,1.765,1.135,0.358,1.255,0.0,
containerd,AMD64,docker.io/matsbror/massive-sqlite-wasm:1.1,wasm,2,1754382035,1754382037,1754382038,1.868,0.956,0.363,1.279,0.0,
containerd,AMD64,docker.io/matsbror/massive-sqlite-wasm:1.1,wasm,3,1754382039,1754382040,1754382042,1.767,1.701,0.358,1.258,0.0,
containerd,AMD64,docker.io/matsbror/massive-sqlite-wasm:1.1,wasm,4,1754382042,1754382044,1754382045,1.767,1.432,0.36,1.267,0.0,
containerd,AMD64,docker.io/matsbror/massive-sqlite-wasm:1.1,wasm,5,1754382046,1754382048,1754382049,1.765,1.158,0.36,1.251,0.0,
containerd,AMD64,docker.io/matsbror/massive-sqlite-wasm:1.1,wasm,6,1754382050,1754382052,1754382053,1.767,0.864,0.363,1.256,0.0,
containerd,AMD64,docker.io/matsbror/massive-sqlite-wasm:1.1,wasm,7,1754382053,1754382055,1754382057,1.768,1.588,0.363,1.284,0.0,
containerd,AMD64,docker.io/matsbror/massive-sqlite-wasm:1.1,wasm,8,1754382057,1754382059,1754382060,1.765,1.332,0.362,1.267,0.0,
containerd,AMD64,docker.io/matsbror/massive-sqlite-wasm:1.1,wasm,9,1754382061,1754382063,1754382064,1.768,1.078,0.36,1.251,0.0,
containerd,AMD64,docker.io/matsbror/massive-sqlite-wasm:1.1,wasm,10,1754382065,1754382066,1754382068,1.766,1.797,0.357,1.268,0.0,
docker,ARM64,docker.io/matsbror/massive-sqlite-native:1.1,linux/arm64,1,1754381920,1754381923,1754381924,2.333,0.567,0.234,1.084,3.02,
docker,ARM64,docker.io/matsbror/massive-sqlite-native:1.1,linux/arm64,2,1754381924,1754381927,1754381928,2.614,0.889,0.231,0.951,3.02,
docker,ARM64,docker.io/matsbror/massive-sqlite-native:1.1,linux/arm64,3,1754381929,1754381931,1754381932,2.135,0.806,0.239,1.047,3.02,
docker,ARM64,docker.io/matsbror/massive-sqlite-native:1.1,linux/arm64,4,1754381933,1754381935,1754381936,2.131,0.701,0.234,1.044,3.02,
docker,ARM64,docker.io/matsbror/massive-sqlite-native:1.1,linux/arm64,5,1754381937,1754381939,1754381940,2.149,0.705,0.23,1.091,3.02,
docker,ARM64,docker.io/matsbror/massive-sqlite-native:1.1,linux/arm64,6,1754381940,1754381943,1754381944,2.148,0.602,0.232,0.997,3.02,
docker,ARM64,docker.io/matsbror/massive-sqlite-native:1.1,linux/arm64,7,1754381944,1754381946,1754381948,2.114,1.481,0.232,1.058,3.02,
docker,ARM64,docker.io/matsbror/massive-sqlite-native:1.1,linux/arm64,8,1754381948,1754381951,1754381952,2.219,0.49,0.231,1.041,3.02,
docker,ARM64,docker.io/matsbror/massive-sqlite-native:1.1,linux/arm64,9,1754381952,1754381954,1754381955,2.184,1.435,0.244,1.037,3.02,
docker,ARM64,docker.io/matsbror/massive-sqlite-native:1.1,linux/arm64,10,1754381956,1754381959,1754381960,2.475,0.7,0.243,1.118,3.02,
containerd,ARM64,docker.io/matsbror/massive-sqlite-native:1.1,linux/arm64,1,1754381965,1754381967,1754381968,2.139,0.972,0.23,0.572,0.0,
containerd,ARM64,docker.io/matsbror/massive-sqlite-native:1.1,linux/arm64,2,1754381969,1754381971,1754381971,2.077,0.467,0.23,0.547,0.0,
containerd,ARM64,docker.io/matsbror/massive-sqlite-native:1.1,linux/arm64,3,1754381972,1754381974,1754381975,1.936,0.871,0.229,0.586,0.0,
containerd,ARM64,docker.io/matsbror/massive-sqlite-native:1.1,linux/arm64,4,1754381976,1754381978,1754381978,2.043,0.412,0.229,0.586,0.0,
containerd,ARM64,docker.io/matsbror/massive-sqlite-native:1.1,linux/arm64,5,1754381979,1754381981,1754381982,2.082,0.966,0.229,0.566,0.0,
containerd,ARM64,docker.io/matsbror/massive-sqlite-native:1.1,linux/arm64,6,1754381983,1754381985,1754381985,2.064,0.491,0.228,0.582,0.0,
containerd,ARM64,docker.io/matsbror/massive-sqlite-native:1.1,linux/arm64,7,1754381986,1754381988,1754381989,1.976,0.958,0.23,0.567,0.0,
containerd,ARM64,docker.io/matsbror/massive-sqlite-native:1.1,linux/arm64,8,1754381990,1754381992,1754381993,2.175,0.616,0.229,0.594,0.0,
containerd,ARM64,docker.io/matsbror/massive-sqlite-native:1.1,linux/arm64,9,1754381993,1754381995,1754381996,1.968,1.072,0.229,0.584,0.0,
containerd,ARM64,docker.io/matsbror/massive-sqlite-native:1.1,linux/arm64,10,1754381997,1754381999,1754382000,2.086,0.619,0.229,0.581,0.0,
docker,ARM64,docker.io/matsbror/massive-sqlite-wasm:1.1,wasm,1,1754382000,1754382003,1754382005,2.992,1.918,0.386,1.888,1.64,
docker,ARM64,docker.io/matsbror/massive-sqlite-wasm:1.1,wasm,2,1754382006,1754382008,1754382010,1.869,1.394,0.387,1.858,1.64,
docker,ARM64,docker.io/matsbror/massive-sqlite-wasm:1.1,wasm,3,1754382010,1754382012,1754382014,1.73,1.674,0.384,1.83,1.64,
docker,ARM64,docker.io/matsbror/massive-sqlite-wasm:1.1,wasm,4,1754382015,1754382016,1754382018,1.798,2.058,0.387,1.829,1.64,
docker,ARM64,docker.io/matsbror/massive-sqlite-wasm:1.1,wasm,5,1754382019,1754382021,1754382023,1.788,1.39,0.387,1.836,1.64,
docker,ARM64,docker.io/matsbror/massive-sqlite-wasm:1.1,wasm,6,1754382023,1754382025,1754382027,1.806,1.846,0.39,1.897,1.64,
docker,ARM64,docker.io/matsbror/massive-sqlite-wasm:1.1,wasm,7,1754382028,1754382030,1754382031,1.781,1.23,0.387,1.813,1.64,
docker,ARM64,docker.io/matsbror/massive-sqlite-wasm:1.1,wasm,8,1754382032,1754382034,1754382036,1.792,1.59,0.392,1.883,1.64,
docker,ARM64,docker.io/matsbror/massive-sqlite-wasm:1.1,wasm,9,1754382037,1754382038,1754382040,1.731,1.946,0.391,1.877,1.64,
docker,ARM64,docker.io/matsbror/massive-sqlite-wasm:1.1,wasm,10,1754382041,1754382043,1754382045,1.78,1.306,0.389,1.828,1.64,
containerd,ARM64,docker.io/matsbror/massive-sqlite-wasm:1.1,wasm,1,1754382045,1754382048,1754382049,2.231,0.798,0.386,1.294,0.0,
containerd,ARM64,docker.io/matsbror/massive-sqlite-wasm:1.1,wasm,2,1754382050,1754382052,1754382053,2.033,0.998,0.385,1.276,0.0,
containerd,ARM64,docker.io/matsbror/massive-sqlite-wasm:1.1,wasm,3,1754382054,1754382056,1754382057,2.065,1.254,0.384,1.328,0.0,
containerd,ARM64,docker.io/matsbror/massive-sqlite-wasm:1.1,wasm,4,1754382058,1754382060,1754382061,1.928,1.41,0.383,1.329,0.0,
containerd,ARM64,docker.io/matsbror/massive-sqlite-wasm:1.1,wasm,5,1754382062,1754382064,1754382066,1.924,1.538,0.389,1.305,0.0,
containerd,ARM64,docker.io/matsbror/massive-sqlite-wasm:1.1,wasm,6,1754382066,1754382069,1754382070,2.039,0.754,0.389,1.288,0.0,
containerd,ARM64,docker.io/matsbror/massive-sqlite-wasm:1.1,wasm,7,1754382071,1754382073,1754382074,1.958,0.874,0.389,1.277,0.0,
containerd,ARM64,docker.io/matsbror/massive-sqlite-wasm:1.1,wasm,8,1754382075,1754382077,1754382078,1.931,1.002,0.387,1.327,0.0,
containerd,ARM64,docker.io/matsbror/massive-sqlite-wasm:1.1,wasm,9,1754382079,1754382081,1754382082,2.132,1.402,0.384,1.373,0.0,
containerd,ARM64,docker.io/matsbror/massive-sqlite-wasm:1.1,wasm,10,1754382083,1754382085,1754382087,2.016,1.602,0.389,1.347,0.0,
docker,RISCV64,docker.io/matsbror/massive-sqlite-native:1.1,linux/riscv64,1,1754399636,1754399639,1754399645,2.814,4.373,1.266,5.97,2.63,
docker,RISCV64,docker.io/matsbror/massive-sqlite-native:1.1,linux/riscv64,2,1754399646,1754399649,1754399652,2.955,1.543,1.273,3.191,2.63,
docker,RISCV64,docker.io/matsbror/massive-sqlite-native:1.1,linux/riscv64,3,1754399653,1754399656,1754399659,3.153,1.761,1.267,3.08,2.63,
docker,RISCV64,docker.io/matsbror/massive-sqlite-native:1.1,linux/riscv64,4,1754399660,1754399663,1754399666,2.698,1.576,1.27,3.226,2.63,
docker,RISCV64,docker.io/matsbror/massive-sqlite-native:1.1,linux/riscv64,5,1754399667,1754399670,1754399673,2.845,1.792,1.269,3.049,2.63,
docker,RISCV64,docker.io/matsbror/massive-sqlite-native:1.1,linux/riscv64,6,1754399674,1754399677,1754399680,2.8,1.712,1.269,3.133,2.63,
docker,RISCV64,docker.io/matsbror/massive-sqlite-native:1.1,linux/riscv64,7,1754399681,1754399684,1754399687,2.888,1.865,1.272,3.248,2.63,
docker,RISCV64,docker.io/matsbror/massive-sqlite-native:1.1,linux/riscv64,8,1754399688,1754399691,1754399694,2.663,1.616,1.267,3.093,2.63,
docker,RISCV64,docker.io/matsbror/massive-sqlite-native:1.1,linux/riscv64,9,1754399695,1754399697,1754399701,2.558,2.218,1.269,3.222,2.63,
docker,RISCV64,docker.io/matsbror/massive-sqlite-native:1.1,linux/riscv64,10,1754399702,1754399704,1754399708,2.608,2.368,1.269,3.219,2.63,
containerd,RISCV64,docker.io/matsbror/massive-sqlite-native:1.1,linux/riscv64,1,1754399709,1754399712,1754399714,2.548,0.781,1.269,2.392,0.0,
containerd,RISCV64,docker.io/matsbror/massive-sqlite-native:1.1,linux/riscv64,2,1754399716,1754399718,1754399721,2.649,1.273,1.271,2.343,0.0,
containerd,RISCV64,docker.io/matsbror/massive-sqlite-native:1.1,linux/riscv64,3,1754399722,1754399725,1754399727,3.049,1.1,1.268,2.299,0.0,
containerd,RISCV64,docker.io/matsbror/massive-sqlite-native:1.1,linux/riscv64,4,1754399729,1754399732,1754399734,2.803,0.675,1.27,2.394,0.0,
containerd,RISCV64,docker.io/matsbror/massive-sqlite-native:1.1,linux/riscv64,5,1754399735,1754399738,1754399741,2.745,1.205,1.267,2.346,0.0,
containerd,RISCV64,docker.io/matsbror/massive-sqlite-native:1.1,linux/riscv64,6,1754399742,1754399745,1754399747,2.847,0.86,1.267,2.352,0.0,
containerd,RISCV64,docker.io/matsbror/massive-sqlite-native:1.1,linux/riscv64,7,1754399749,1754399752,1754399763,3.246,0.894,1.268,10.843,0.0,
containerd,RISCV64,docker.io/matsbror/massive-sqlite-native:1.1,linux/riscv64,8,1754399764,1754399767,1754399769,2.643,0.803,1.266,2.339,0.0,
containerd,RISCV64,docker.io/matsbror/massive-sqlite-native:1.1,linux/riscv64,9,1754399771,1754399773,1754399776,2.647,1.22,1.266,2.337,0.0,
containerd,RISCV64,docker.io/matsbror/massive-sqlite-native:1.1,linux/riscv64,10,1754399777,1754399780,1754399782,2.752,0.742,1.269,2.344,0.0,
docker,RISCV64,docker.io/matsbror/massive-sqlite-wasm:1.1,wasm,1,1754399783,1754399785,1754399838,2.085,37.344,3.949,52.746,1.64,wasmtime
docker,RISCV64,docker.io/matsbror/massive-sqlite-wasm:1.1,wasm,2,1754399839,1754399841,1754399880,2.061,34.057,3.964,38.542,1.64,wasmtime
docker,RISCV64,docker.io/matsbror/massive-sqlite-wasm:1.1,wasm,3,1754399881,1754399883,1754399933,2.263,39.575,3.955,49.823,1.64,wasmtime
docker,RISCV64,docker.io/matsbror/massive-sqlite-wasm:1.1,wasm,4,1754399934,1754399936,1754399976,2.189,33.75,3.974,39.866,1.64,wasmtime
docker,RISCV64,docker.io/matsbror/massive-sqlite-wasm:1.1,wasm,5,1754399977,1754399979,1754400025,2.089,41.897,3.959,46.065,1.64,wasmtime
docker,RISCV64,docker.io/matsbror/massive-sqlite-wasm:1.1,wasm,6,1754400026,1754400028,1754400065,2.243,33.339,3.962,37.124,1.64,wasmtime
docker,RISCV64,docker.io/matsbror/massive-sqlite-wasm:1.1,wasm,7,1754400066,1754400069,1754400124,2.529,35.747,3.97,54.757,1.64,wasmtime
docker,RISCV64,docker.io/matsbror/massive-sqlite-wasm:1.1,wasm,8,1754400125,1754400127,1754400180,2.416,36.607,3.959,52.588,1.64,wasmtime
docker,RISCV64,docker.io/matsbror/massive-sqlite-wasm:1.1,wasm,9,1754400181,1754400183,1754400233,2.606,30.705,4.051,49.921,1.64,wasmtime
docker,RISCV64,docker.io/matsbror/massive-sqlite-wasm:1.1,wasm,10,1754400234,1754400236,1754400277,2.181,35.034,4.016,40.555,1.64,wasmtime
containerd,RISCV64,docker.io/matsbror/massive-sqlite-wasm:1.1,wasm,1,1754400278,1754400281,1754400322,2.404,37.223,3.995,41.634,0.0,wasmtime
containerd,RISCV64,docker.io/matsbror/massive-sqlite-wasm:1.1,wasm,2,1754400324,1754400326,1754400363,2.611,32.944,3.962,36.216,0.0,wasmtime
containerd,RISCV64,docker.io/matsbror/massive-sqlite-wasm:1.1,wasm,3,1754400364,1754400366,1754400410,2.385,33.476,3.988,43.68,0.0,wasmtime
containerd,RISCV64,docker.io/matsbror/massive-sqlite-wasm:1.1,wasm,4,1754400412,1754400414,1754400458,2.401,32.916,4.07,43.824,0.0,wasmtime
containerd,RISCV64,docker.io/matsbror/massive-sqlite-wasm:1.1,wasm,5,1754400459,1754400462,1754400502,2.488,36.751,3.96,40.394,0.0,wasmtime
containerd,RISCV64,docker.io/matsbror/massive-sqlite-wasm:1.1,wasm,6,1754400504,1754400506,1754400548,2.604,38.097,3.992,41.668,0.0,wasmtime
containerd,RISCV64,docker.io/matsbror/massive-sqlite-wasm:1.1,wasm,7,1754400550,1754400552,1754400600,2.481,42.82,3.941,48.152,0.0,wasmtime
containerd,RISCV64,docker.io/matsbror/massive-sqlite-wasm:1.1,wasm,8,1754400602,1754400604,1754400643,2.488,32.419,3.958,39.092,0.0,wasmtime
containerd,RISCV64,docker.io/matsbror/massive-sqlite-wasm:1.1,wasm,9,1754400645,1754400647,1754400685,2.492,34.146,3.947,37.384,0.0,wasmtime
containerd,RISCV64,docker.io/matsbror/massive-sqlite-wasm:1.1,wasm,10,1754400686,1754400689,1754400725,2.389,31.811,3.987,36.053,0.0,wasmtime
docker,RISCV64,docker.io/matsbror/massive-sqlite-wasm:1.1,wasm,1,1754400726,1754400728,1754400829,2.219,3.423,97.392,100.685,1.64,wamr
docker,RISCV64,docker.io/matsbror/massive-sqlite-wasm:1.1,wasm,2,1754400830,1754400832,1754400938,2.146,8.815,97.562,106.422,1.64,wamr
docker,RISCV64,docker.io/matsbror/massive-sqlite-wasm:1.1,wasm,3,1754400939,1754400941,1754401041,2.122,2.561,97.908,99.969,1.64,wamr
docker,RISCV64,docker.io/matsbror/massive-sqlite-wasm:1.1,wasm,4,1754401042,1754401045,1754401144,2.159,1.74,97.732,99.805,1.64,wamr
docker,RISCV64,docker.io/matsbror/massive-sqlite-wasm:1.1,wasm,5,1754401145,1754401148,1754401247,2.101,1.661,97.583,99.703,1.64,wamr
docker,RISCV64,docker.io/matsbror/massive-sqlite-wasm:1.1,wasm,6,1754401248,1754401250,1754401350,2.05,2.386,97.433,99.66,1.64,wamr
docker,RISCV64,docker.io/matsbror/massive-sqlite-wasm:1.1,wasm,7,1754401351,1754401353,1754401453,2.087,2.306,97.891,100.033,1.64,wamr
docker,RISCV64,docker.io/matsbror/massive-sqlite-wasm:1.1,wasm,8,1754401454,1754401456,1754401557,2.126,2.493,98.558,100.847,1.64,wamr
docker,RISCV64,docker.io/matsbror/massive-sqlite-wasm:1.1,wasm,9,1754401558,1754401561,1754401661,2.327,1.672,97.991,100.109,1.64,wamr
docker,RISCV64,docker.io/matsbror/massive-sqlite-wasm:1.1,wasm,10,1754401662,1754401664,1754401763,2.189,2.131,97.31,99.409,1.64,wamr
containerd,RISCV64,docker.io/matsbror/massive-sqlite-wasm:1.1,wasm,1,1754401765,1754401766,1754401864,1.139,1.302,97.177,98.178,0.0,wamr
containerd,RISCV64,docker.io/matsbror/massive-sqlite-wasm:1.1,wasm,2,1754401866,1754401868,1754401968,2.693,1.721,98.524,99.505,0.0,wamr
containerd,RISCV64,docker.io/matsbror/massive-sqlite-wasm:1.1,wasm,3,1754401969,1754401972,1754402070,2.587,1.362,97.193,98.185,0.0,wamr
containerd,RISCV64,docker.io/matsbror/massive-sqlite-wasm:1.1,wasm,4,1754402072,1754402073,1754402172,1.13,1.231,97.757,98.761,0.0,wamr
containerd,RISCV64,docker.io/matsbror/massive-sqlite-wasm:1.1,wasm,5,1754402173,1754402176,1754402275,2.583,1.106,98.274,99.337,0.0,wamr
containerd,RISCV64,docker.io/matsbror/massive-sqlite-wasm:1.1,wasm,6,1754402277,1754402279,1754402378,2.588,1.599,97.209,98.199,0.0,wamr
containerd,RISCV64,docker.io/matsbror/massive-sqlite-wasm:1.1,wasm,7,1754402379,1754402382,1754402480,2.584,0.917,97.309,98.299,0.0,wamr
containerd,RISCV64,docker.io/matsbror/massive-sqlite-wasm:1.1,wasm,8,1754402481,1754402484,1754402583,2.586,1.353,97.634,98.617,0.0,wamr
containerd,RISCV64,docker.io/matsbror/massive-sqlite-wasm:1.1,wasm,9,1754402584,1754402585,1754402684,1.139,1.678,97.822,98.839,0.0,wamr
containerd,RISCV64,docker.io/matsbror/massive-sqlite-wasm:1.1,wasm,10,1754402686,1754402688,1754402786,2.694,1.648,97.018,98.026,0.0,wamr
docker,RISCV64,docker.io/matsbror/massive-sqlite-wasm:1.1,wasm,1,1754402787,1754402790,1754402833,2.167,33.565,4.125,43.081,1.64,wasmer
docker,RISCV64,docker.io/matsbror/massive-sqlite-wasm:1.1,wasm,2,1754402834,1754402836,1754402880,2.119,24.934,4.128,43.987,1.64,wasmer
docker,RISCV64,docker.io/matsbror/massive-sqlite-wasm:1.1,wasm,3,1754402881,1754402883,1754402923,2.086,27.545,4.125,39.462,1.64,wasmer
docker,RISCV64,docker.io/matsbror/massive-sqlite-wasm:1.1,wasm,4,1754402924,1754402926,1754402968,2.4,33.494,4.119,42.186,1.64,wasmer
docker,RISCV64,docker.io/matsbror/massive-sqlite-wasm:1.1,wasm,5,1754402969,1754402971,1754403011,2.13,29.182,4.112,39.245,1.64,wasmer
docker,RISCV64,docker.io/matsbror/massive-sqlite-wasm:1.1,wasm,6,1754403012,1754403014,1754403054,2.354,31.114,4.168,39.912,1.64,wasmer
docker,RISCV64,docker.io/matsbror/massive-sqlite-wasm:1.1,wasm,7,1754403055,1754403057,1754403101,2.037,32.72,4.064,43.883,1.64,wasmer
docker,RISCV64,docker.io/matsbror/massive-sqlite-wasm:1.1,wasm,8,1754403102,1754403104,1754403150,2.215,31.166,4.203,46.028,1.64,wasmer
docker,RISCV64,docker.io/matsbror/massive-sqlite-wasm:1.1,wasm,9,1754403151,1754403153,1754403196,2.083,27.268,4.136,42.774,1.64,wasmer
docker,RISCV64,docker.io/matsbror/massive-sqlite-wasm:1.1,wasm,10,1754403197,1754403199,1754403239,2.183,28.458,4.094,39.45,1.64,wasmer
containerd,RISCV64,docker.io/matsbror/massive-sqlite-wasm:1.1,wasm,1,1754403240,1754403243,1754403294,2.693,45.628,4.145,51.056,0.0,wasmer
containerd,RISCV64,docker.io/matsbror/massive-sqlite-wasm:1.1,wasm,2,1754403296,1754403298,1754403338,2.699,30.208,4.09,39.319,0.0,wasmer
containerd,RISCV64,docker.io/matsbror/massive-sqlite-wasm:1.1,wasm,3,1754403341,1754403344,1754403380,3.367,30.538,4.129,35.378,0.0,wasmer
containerd,RISCV64,docker.io/matsbror/massive-sqlite-wasm:1.1,wasm,4,1754403382,1754403383,1754403427,1.032,30.656,4.048,44.162,0.0,wasmer
containerd,RISCV64,docker.io/matsbror/massive-sqlite-wasm:1.1,wasm,5,1754403428,1754403431,1754403468,2.582,33.068,4.171,37.343,0.0,wasmer
containerd,RISCV64,docker.io/matsbror/massive-sqlite-wasm:1.1,wasm,6,1754403470,1754403472,1754403516,2.58,23.996,4.074,43.78,0.0,wasmer
containerd,RISCV64,docker.io/matsbror/massive-sqlite-wasm:1.1,wasm,7,1754403518,1754403520,1754403563,2.583,28.371,4.133,43.053,0.0,wasmer
containerd,RISCV64,docker.io/matsbror/massive-sqlite-wasm:1.1,wasm,8,1754403565,1754403566,1754403607,1.132,36.672,4.087,40.973,0.0,wasmer
containerd,RISCV64,docker.io/matsbror/massive-sqlite-wasm:1.1,wasm,9,1754403608,1754403610,1754403657,1.134,27.463,4.093,47.631,0.0,wasmer
containerd,RISCV64,docker.io/matsbror/massive-sqlite-wasm:1.1,wasm,10,1754403659,1754403662,1754403693,2.984,22.407,4.078,31.071,0.0,wasmer
